noxchi,russian
"хьо цхьаъ бен даг чоьх вац,","кроме тебя нет никого в моем сердце,"
"хьо соьга хьоьжуш вац,","не смотришь ты на меня,"
"хьо бен сун оьшуш вац,","никто не нужен мне кроме тебя,"
"х1у де ас хууш яц.","что делать мне не знаю."
"алахьа ахь соьга,","скажи мне,"
"сан хьоме дег безам.","милая сердцу любовь,"
"х1у де ас сай дагна?","что мне сделать со своим сердцем?"
"х1у де ас безамна?","что мне сделать со своей любовью?"
"безамца къийсинарг","спорящий с любовью"
"цкъаа тоьлла вац,","никогда не побеждал,"
"сан безам, сан безам","моя любовь, моя любовь,"
"хьохь яла са ницкъ бац,","нет сил расстаться с тобой."
"безамо 1овжина дог","ужаленное любовью сердце,"
"молхно тодийр дац","не вылечить лекарством."
"сан безам, хьохь яла","моя любовь, с тобою нет"
"са ницкъ бац.","сил расстаться."
"хьо гари са туьйсуш, н1абарха сам йюлу,","тоскуя увидеть тебя, просыпаюсь ото сна,"
"даг чура ца волуш, тилйелла со лела,","оттого что не покидаешь моего сердца, блуждаю заблудившись,"
"алахьа ахь соьга, сан хьоме, сан хазниг","скажи ты мне, мой милый, мой красивый,"
"х1у бехк бу са, безам, хьо воцуш ца магар?","виновата ли я, любовь, что не могу без тебя"
"нани бера д1аскъастор мел хала ду хаа,","известно, как тяжела разлука матери и дитя,"
"хьо виц ва, хьо вита цул хала ду суна","забыть тебя, тебя оставить еще сложнее для меня."
"боданяхь некъ лоьхуш, б1арзвелла таг санна,","ища дорогу во тьме, словно слепец,"
"безамо б1арзина, хиза со тахана.","ослепленная любовью мучаюсь сегодня я."
"Са безам хьохь яла са ницкъ бац.","Моя любовь, нет сил оставить тебя."
"Вайн дегнех кхерсташ ю алу,","В наших сердцах пылает огонь,"
"Вайн ирсан дайъина доь,","Мы потеряли свое счастье,"
"Ларйойла хьо везчу Дала,",Береги тебя Всевышний!
"Бусулба сан Нохчийчоь!Дог доьхна бер санна, г1ийла,",Правоверная моя Чечня!
"Дог доьхна бер санна, г1ийла,","Как ребенок без настроения,"
"Оллалой ма хьежа соьга,","Не смотри на меня грустно,"
"Хьан седа лепийта сирла,",Чтобы звезда твоя горела ярко
"Со лойла хьан, Нохчийчоь!",Я принесу тебе в жертву себя!
"Лаиллах1а иллалах1,","Нет бога кроме Аллаха,"
"Ларъе везчу Дала, хьо!",Храни тебя Всевышний!
"Лаиллах1а иллалах1,","Нет бога кроме Аллаха,"
Бусулба сан Нохчийчоь!,Правоверная моя Чечня!
"Йохийна, х1оттор яц гуора,","Сломив тебя ты не станешь на колени,"
Турпалла бей тур бац хоь,"Не дадим сломить твою гордость,"
"Йиш яц дашо малх хьан кхола,","Невозможно твое золотое солнце победить,"
Бусулба сан Нохчийчоь!,Правоверная моя Чечня!
"Даш кхетта эгча, син метта,","Пуля попавшая в душу,"
"Маршаллаш кхоьхьуьйташ хьоь,","Посылая тебе привет,"
"Леш болчу хьан к1ентийн метта,","Вместо твоих погибающих сыновей,"
"Со лойла хьан, Нохчийчоь!",Я приношу тебе в жертву себя!
"Лаиллах1а иллалах1,","Нет бога кроме Аллаха,"
"Ларъе везчу Дала, хьо!",Храни тебя Всевышний!
"Лаиллах1а иллалах1,","Нет бога кроме Аллаха,"
Бусулба сан Нохчийчоь!,Правоверная моя Чечня!
"Лечано хелхар деш говза,","Когда видишь танцующий сокол искусно,"
"Баланаш, г1айг1анаш тоь.",Притупляются горе и боль.
"Махкана дерриг ду ловзар,",Для Родины - это веселье
"Елало, сан Нохчийчоь!",Улыбнись моя Чечня!
"Вайн дегнех кхерсташ ю алу,","В наших сердцах пылает огонь,"
"Вайн ирсан дайъина доь,","Мы потеряли свое счастье,"
"Ларйойла хьо везчу Дала,",Береги тебя Всевышний!
Бусулба сан Нохчийчоь!,Правоверная моя Чечня!
"Иордани, Иордани","Иордания, Иордания"
Гене суна ганза мохк,"Далекий край, который я не видел"
Бахнаш тесна Башлаш аре,Ушедшим с просторов Башлаша
Муха беха хьуна чохь?,Как живется им у тебя?
Йицъеллий-те Кавказ царна,Забыли ли они Кавказ?
Дицделлий-те шовданаш,Забыли ли родники?
Дегахь юй-те царахь цхьаннаъ,Помнит ли кто нибудь из них
"Ваьхна юрт, я дедайн каш","Аул, где родились или предков могилы"
Дерриге я дац а делла,Позабыли ль все что было
"малхо боттуш, боцу-те",Под палящим солнцем
"Я ирс льохуш, хьаьвда лелла","Или в поисках счастья, гоняясь за ним"
Г1амарш хегош доккху де,В песке копавшись день за днем
Йицъеллий-те тулг1еш Теркан,"Не забыли ль волны Терека,"
Дегахь дуй-те Орга хи?,Помнят ли реку Аргун
Хезча холкъан илли декаш,Слыша родные мелодии
Хьодий-те хьа б1аргех хи?,Слезятся ль глаза?
Маршо йоцуш Даймохк боцуш,"Без спокойствия, без Родины"
Хийра мохкахь дисе-те,В чужой стране неужто вы остались
"Ловзарш хаьдда, хелхарш доцуш","Нет свадеб, нет танцев"
Сатийсаран яйна ц1е,В ожидании гаснет огонь
Ларделлий-те г1иллакх къоман,Сохранили ль народный обычай
Бицбеллий-те ненан мот?,Не забылиль язык матери
Парг1ато а вайн дай лома,"Известно ли им, что в горы предков"
"Кхачар хаьий, юй-те чот",Свобода пришла?
Аса боху делхийтийша,Я говорю пусть льется
Дашо дог1а кхечанхьа,Дождь золотой где угодно
Со сайн мохкахь аш витийша,Оставьте меня где угодно
"Т1улгаш делхарх, билларх ша.",Даже если капли от плача будут ледянеть
noxchi,russian
Синкъераме гулдела ду,Мы собрались на вечеринку
Хаза суьйре вай хьура ю,Мы хорошо проведем вечер
"Вай безамаш хоржура бу,",Мы определимся с симпатиями
Шайна везарг къастора ву,"И выберем того, кого любим"
До 1аш воллу и хаза къант,"Вон тот парень, который сидит"
И мел хаза хета суна.,Как он мне нравится.
Хьо кхечунга д1а ма хьежа,Ты на других не смотри
Со ойлане ахь ма йита. ,Не вгоняй меня в раздумье.
Аьлла соьга мичхьара ву,Скажи мне откуда он
Муьлхач нахах схьавелла ву,"Из каких людей он вышел, какого рода"
Сийнач стигал ялла йоллу,Я уже готова на синее небо забраться
Везчу деле веха йолу. ,И у Аллаhа просить его себе.
"Со хьоьга бе яхьа гур яц,",Я смогу только за тебя выйти замуж
"Хьо воц чуьнца яха гур яц,",Ни с кем кроме тебя жить не смогу
Безам бохург хала хъум ду,Любовь вещь сложная
И массера лазама бу. ,И у всех она болью есть...
"Лаьтта со г1айг1ане, дагара дуьйцуш.","Стою я в печали, сердечно говоря"
"Маьл хилларш, маьл лайнарш безамца дуьйцуш.","Что было, что пережито с любовью говоря"
Хьа б1аьрге к1оргенехь са дахар деттало.,В глубине твоих глаз моя жизнь стучит
Безамо кхуллу ирс даимна хетало.,Любовью сотворенное счастье кажется всегда
Хьа г1айг1а даима лозу са дагна,Твоя печаль всегда причиняет боль моему сердцу
"Хьа ц1арах жима дог са кийрахь даьгна,",Твоим именем маленькое сердце в груди моей сгорело
"Амма сай до1анехь,сайна чу хьалха,",Но в молитве своей прежде чем себе
Аз Деле даггара ирс доьху хьуна.,Я у Бога счастья искренне тебе прошу
"Эрна ца хиллера, хьо суна вовзар.",Не зря было мое знакомство с тобой
Безаман хелхарехь вай цхьана хьовзар.,В любовном танце мы кружились с тобой
"Дахаран некъашца, хьоьх доьзнаг хилла ду.",Дороги жизни с тобой связаны мы
"Хьо лаьттахь мел веха, со ирсе ехар ю.","Сколько ты будешь жить на земле, я буду счастливо жить"
Доьххьара хьо гича нур догу б1аьргашна,Впервые когда увидели тебя мои глаза
Ц1еххьана безамо ов туьйхира,Внезапно кольнуло в сердце от любви
Ойла д1а ийцира синтемах яькххина,"Мысли унес, покоя лишил"
Сай деган къайленаш ас хьоьга йийцира ,То что я скрывала в сердце я тебе рассказала 
Кхолламан стиглара къегира седа,Звезда судьбы на небе засияла
Сан ирсан дакъа хиллера хьо,Ты оказался частичкой моего счастья
Сан ирс хиллера хьо,Оказался счастьем моим
Вай къастахь лан лур дац сан даге теша,"Нашу разлуку не перенесет мое сердце, поверь"
Сан ирсан дакъа хиллера хьо,Живу я твоим именем дыша
Сан ирс хиллера хьо,Ради тебя я живу
Ахь хаза дийцира со хьайха теша еш,"Ты красиво рассказывал,и заставлял верить в себя"
Б1аьстенан йовхо луш сан дахарна,Весеннее тепло давая моей жизни
Веларца хьаьжча хьо сан беснеш яга еш,Когда с улыбкой посмотрел на меня
Мархашка делира къона дог кийрара ,К облакам поднялось мое маленькое сердечко 
Кхолламан стиглара къегира седа,Звезда судьбы на небе засияла
Сан ирсан дакъа хиллера хьо,Ты оказался частичкой моего счастья
Сан ирс хиллера хьо,Оказался счастьем моим
Вай къастахь лан лур дац сан даге теша,"Разлуку нашу не перенесет мое сердце, поверь"
Хьан ц1арца са доь1уш ехаш ю со,Живу я твоим именем дыша
Хьан дуьхьа ехаш ю со,Ради тебя я живу
Кхолламан стиглара къегира седа,Звезда судьбы на небе засияла
Сан ирсан дакъа хиллера хьо,Ты оказался частичкой моего счастья
Сан ирс хиллера хьо,Оказался счастьем моим
Вай къастахь лан лур дац сан даге теша,"Разлуку нашу не перенесет мое сердце, поверь"
Сан ирсан дакъа хиллера хьо,Живу я твоим именем дыша
Сан ирс хиллера хьо,Ради тебя я живу
Ехаш ю со. ,Ради тебя я живу
"Йуха а тӏеман къахь вайн махкахь гӏаьтти,",Снова смрад войны над нашей землёй встал
"Йуха а гуш ма йу гӏаланаш йогуш,","Снова видно как горят города,"
"Оьгуш бу маьрша нах шокъалли кхетта,","Падают свободные люди от попадания пуль,"
Йуха а наной бу кӏенташна боьлхуш.,Снова матери по сыновьям плачут.
"Массо а гийча ву къаръеш а харцо,","Всё мы навстречу побеждая врагов,"
"Тӏом бан а, вала а шен халкъан сийна,","готовы покоряя несправедливость, воевать и умирать ради чести нации,"
"Цхьаннан ницкъ кхочур бац вайх лай дан, дацо,","Ни у кого не хватит сил сделать нас рабами и использовать,"
Хьоьшур йац мостагӏчо вайн бецаш сина.,Не топтать врагу наших трав зелёных.
"Догӏмаш а нисдина, гуора ца оьгуш,","Выпрямив спины, не падая на колени,"
"Гур ду вай доьхьала, мостагӏий эшош,","Пойдём мы навстречу побеждая врагов,"
"Халонаш ловр а йу Даймехкан доьхьа,","Трудности вытерпим ради земли отцов,"
"Маьрша а дехар ду, девр а ду хелха.",Свободно будем жить и будем танцевать.
"Еха йац дуьнен чохь йоккху хан цхьаммо,","Никто не проживет в этом мире длинную жизнь,"
Хӏоранна лууш ду ирс долуш ваха.,"Каждый хочет жить счастливо,"
"Вай-м ца гӏиртина цкъа нехан цӏий ӏано,","Мы не пытались никогда пролить чужую кровь,"
Xӏappa бен дуьнен чохь меттиг йац даха.,Кроме этой земли нет у нас в мире места.
"Тахана вайн махкахь тӏеман кӏур гӏаьтти,","Сегодня над нашей землёй встал дым войны,"
"Йуха а луьра герз Даймахкахь дуьйлу,","Снова грозное оружие на земле отцов стреляет,"
"ӏожаллин дӏовш хӏинца вайна тӏе детта,","Яд смертельный и сейчас в нас попадает,"
"Баланехь хьийзаш бу вайн наной, боьлхуш.",В горести наши матери плачут.
Ма хаза хийти суна хьо гина тахна,"Я так обрадовалась, увидев тебя сегодня,"
Са ц1е а йоккхуш ахьа соь де дика дина,"Произнося мое имя,ты пожелал мне доброго дня."
Хьалхачул а х1инца суна г1аьхьчул хьоьх эхь хийтира,"И сейчас я постеснялась больше, чем когда-либо,"
"Г1иллакх хьоьхь даимна хилла олу хьоьга ""баркалла""","Вежлив ты был всегда, говорю тебе за это ""Спасибо""."
Йиш елахь цхьажимма соьца латтахьа ас доьху хьоьга,"Если можешь, постой со мной еще немного, я прошу."
Ма хаза хити хьо гина сих-сиха тхо долчу кхача,"Как рада тебя видеть, приходи к нам почаще."
Дог кийрара са хьийзош са ойланаш вовшех хьерча,"Сердце мое мучается, мысли перепутались,"
Къурдаша дош а сецош хьоьга хьоьжуш мотт са керча,"Не могу вымолвить ни слова, на тебя смотрю язык путается"
Йиш елахь цхьажимма соьца латтахьа ас доьху хьоьга,"Если можешь, постой со мной еще немного, я прошу."
Ма хаза хити хьо гина сих-сиха тхо долчу кхача,"Как рада тебя видеть,приходи к нам почаще."
Са дагна ца лаьа кху дуьненахь доьхна диса,Мое сердце не хочет быть в этой жизни разбитым
Доьлучу даге ладоьг1уш кху дуьненахь ехаш хета,"Кажется, что живу, прислушиваясь к радующемуся сердцу."
Йиш елахь цхьажимма соьца латтахьа ас доьху хьоьга,"Если можешь, постой со мной еще немного, я прошу."
Ма хаза хити хьо гина сих-сиха тхо долчу кхача,"Как рада тебя видеть, приходи к нам почаще."
"Дахаро чехош, елхош кху дуьненахь со хьизина","Жизнь меня мучала и ругала, заставляя плакать."
Са кийрара и жима дог дохо хьуна пурб ца делла,Это мое маленькое сердце разбивать тебе право не давали.
Йиш елахь цхьажимма соьца латтахьа ас доьху хьоьга,"Если можешь, постой со мной еще немного, я прошу."
Ма хаза хити хьо гина сих-сиха тхо долчу кхача.,"Как рада тебя видеть, приходи к нам почаще."
"Ас цкъа ца лехнера дуьненан атталла,",Я никогда не искал легкости жизни.
"Ца вала хьаьжар со хьаьшначу некъахь,","Старался не ходить по протоптанным дорогам,"
"Сайгара ца хууш даьллачу гӏалатна,","Ошибки, совершенные мною нечаянно,"
Барт хаттам оьцу ас ца вуьлуш декъах.,"Я осуждаю, не снимая с себя долю вины."
"Наггахь а куралло ойланаш яйтарах,","Если иногда у меня бывают гордые мысли,"
"Бӏаьргашна гушдериг шовкъалле дерзош,","Воодушевляюсь тем, что вижу глазами,"
"Цуьнц долу гергарло сайна ца дезарна,","Потому, что не приемлю родство с этим,"
"ӏилмане воьрзур со, цуьн маьӏна хестош.","Я обращался к науке, восхваляя её значимость."
"Дахара къайлоннна тӏаьхьа ца кхиарах,","Хоть и не разгадал тайну жизни,"
"Гӏайгӏане ца воьжна,бохабеш лам","Не ушел в печаль, разбивая горы,"
"Дала хьаделлачун тоам бан гӏиртина,","Старался удовлетвориться тем, что дал Бог."
ӏехвалар дуьненан ца бузу ӏам.,Обманувшись не наполняется озеро жизни.
"Дикачу доттагӏчу диначу тоьшална,","За свидетельство данное хорошим другом,"
"Са дала кийча вар, цуьн дош ца дохош,","Готов был отдать душу, чтобы не нарушить его слово."
"Ямартло туьйсучу харцонна уьйрашна,","Сеющие коварство, неверные связи,"
"Доьхьала вуйлура, цера стом хедош.","Противился им, пресекая их плоды."
"Халонах озавелла юха ца вирзина,","Испугавшись трудностей, не поворачивал назад."
"Тӏаьхьалон дош ала ца дуьтуш бахна,",Не давая причины сказать последнее слово.
"Де, нена сий а дар коьрталле лерина","Считая главным почитание родителей,"
Цу шине пурбанца сайн некъаш даьхьна.,С их согласия выбирал свои дороги.
"Дахара къайлоннна тӏаьхьа ца кхиарах,","Хоть и не разгадал тайну жизни,"
"Гӏайгӏане ца воьжна,бохабеш лам","Не ушел в печаль, разбивая горы,"
"Дала хьаделлачун тоам бан гӏиртина,","Старался удовлетвориться тем, что дал Бог."
ӏехвалар дуьненан ца бузу ӏам.,Обманувшись не наполняется озеро жизни
"Дахара къайлоннна тӏаьхьа ца кхиарах,","Хоть и не разгадал тайну жизни,"
"Гӏайгӏане ца воьжна,бохабеш лам","Не ушел в печаль, разбивая горы,"
"Дала хьаделлачун тоам бан гӏиртина,","Старался удовлетвориться тем, что дал Бог."
ӏехвалар дуьненан ца бузу ӏам.,Обманувшись не наполняется озеро жизни.
Ма ала безамо,не говори любовь
багор бац кийра,жечь не будет душу
Ю цуьна шен зама,есть у неё своа пора
Хилалахь кийча,будь готова.
Хи эца йоьду со,воды набрать иду я
Сан дог ду шовда,моё сердце родник
Д1аэца хин метта,набери вместо воды
Даг т1ера безам,из сердца любви
Сан деган корах чу,моего сердца в окно
Хьоьжуш бац седа,не заглядывает звезда
Ша долчу цунах къа,одинокого его
Ца хета хьуна,не жаль тебе
"Мел йогӏу буьйса кхоьлина йогӏу,","Каждая приходящая ночь приходит пасмурной,"
Стиглара мархаш елха еш.,Заставляя плакать облака в небе.
"Цхьа ӏаьржа марха къилбехьа йолу,","Одна чёрная туча отходит на юг,"
Дуьнена гӏийла ойла еш.,С грустью думая о жизни.
"Цхьа ӏаьржа марха къилбехьа йолу,","Одна чёрная туча отходит на юг,"
Дуьнена гӏийла ойла еш.,С грустью думая о жизни.
"Седарчий стиглахь гучу ца довлу,","Звёзды в небе не показываются,"
Со шайна гушшехь хьо ларйеш.,"Хотя и видят, что я жду тебя."
"Мел дехарх маьлха догӏа ца догӏу,","Как ни прошу, не идёт солнечный дождь,"
Лозучу дагна гӏоле еш.,Чтобы облегчить боль моего болящего сердца.
"Мел дехарх маьлха догӏа ца догӏу,","Как ни прошу, не идёт солнечный дождь,"
Лозучу дагна гӏоле еш.,Чтобы облегчить боль моего болящего сердца.
"Хьо йолчу агӏор мархаш зарзйина,","С твоей стороны, разорвав тучи,"
Лаьар-кха кхета бетта са.,"Хотелось бы, чтобы проглянул свет луны."
"Маржа йаӏ тховса, хьан дагара хиъна,","Если бы сегодня вечером узнав о твоих чувствах,"
Цӏа верза йиш елар-кха сан.,Я мог бы вернуться домой.
"Маржа йаӏ тховса, хьан дагара хиъна,","Если бы сегодня вечером узнав о твоих чувствах,"
Цӏа верза йиш елар-кха сан.,Я мог бы вернуться домой.
ДIо кIайн гата хIорда-кеман,Белеет парус одинокий
Къеста сенчу дахкарлахь...,В тумане моря голубом...
Цо хIун лоьху цIенна генахь?,Что ищет он в стране далёкой?
Цо хIун дитна генна цIахь?,Что кинул он в краю родном?
"ХIорд тулгIбуьйлу, мохо лоькхуш,","Играют волны - ветер свищет,"
"Чардакх сетта, цIийза и.",И мачта гнётся и скрипит...
"ХIан-хIа, цо я ирс ца лоьху,","Увы, - он счастия не ищет"
Я ирсах ца уьду кхин.,И не от счастия бежит!
"Сенчу хи тIехь маьрша доьду,","Под ним струя светлей лазури,"
Дашо малх бу хьоьжуш тIе.,Над ним луч солнца золотой
"Ткъа тем боцчу цо дарц доьху,","А он, мятежный, просит бури,"
Дорцехь хуьлуш санна тем.,Как будто в бурях есть покой!
"КIай цхьалха четар дахкарлахь деха,",Белеет парус одинокий
Сийналлехь хIордан муьрг етташ еха!..,В тумане моря голубом...
Хийрачу арахь хIун дагахь – каро?,Что ищет он в стране далёкой?
Хьомечу махкахь Iан яц-те таро?,Что кинул он в краю родном?
"ТулгIенаш ловзу, мохо шок етта,","Играют волны - ветер свищет,"
"Ткъа чардакх цIийза, кхераме сетта…",И мачта гнётся и скрипит...
"Амма и лелац, ирс лехам хилла,","Увы, - он счастия не ищет"
"Я ирсах хаьдда, дисина тилла!",И не от счастия бежит!
"Цунна ю бухахь тIайра бос сирла,","Под ним струя светлей лазури,"
ТIехула – дашо зIаьнарш ю керла…,Над ним луч солнца золотой
"Амма, цо – аьрха, боьху мох буьрса,","А он, мятежный, просит бури,"
Йиш йолуш санна тем бовза цуьнца!,Как будто в бурях есть покой!
"Со цхьа-цхьалха гIоттий новкъаволу,",Выхожу один я на дорогу;
Дахкарлахь дIаIуьллу гIорза некъ;,Сквозь туман кремнистый путь блестит;
"Далла муьтIахь арено ладоьгIу,",Ночь тиха. Пустыня внемлет Богу.
Седа бу цхьаъ дуьйцуш седане.,И звезда с звездою говорит.
Стиглахь ю цхьа Iийдан исбаьхьалла!,В небесах торжественно и чудно!
Сенчу нуьрехь лаьтто наб йо шен.,Спит земля в сияньи голубом…
"Сатийсарна ю-те сиэхь и хало,",Что же мне так больно и так трудно?
Я цхьа хилларг дагахь доллу-те?,Жду ль чего? Жалею ли о чём?
"ХIума дац ас кху дуьнене доьхуш,","Уж не жду от жизни ничего я,"
Юхахьаьжна я тIехиндерг гуш.,И не жаль мне прошлого ничуть;
"ПаргIато ю, синтем бу ас лоьхург,",Я ищу свободы и покоя!
"Тхьовса хьаьгна, ваха виц а луш.",Я б хотел забыться и заснуть!
Амма дац и кошан шийла тхьовсар…,Но не тем холодным сном могилы…
"Гуттаренна вуьжур вара-кх дIа,","Я б желал навеки так заснуть,"
"Дагца яха юьсуш дийна шовкъаш,","Чтоб в груди дремали жизни силы,"
Некхехь паргIат доьIуш маьрша са;,"Чтоб, дыша, вздымалась тихо грудь;"
"Дийнахь, буса лерера ца хедаш","Чтоб всю ночь, весь день, мой слух лелея"
"Безаман йиш лоькху мерза аз,","Про любовь мне сладкий голос пел,"
"Сайна тIе шен сийна гаьннаш кхийдош,","Надо мной чтоб, вечно зеленея,"
Гуттар техка хезаш луьста наж.,Тёмный дуб склонялся и шумел.
Куьзган чохь хьан сурт гучу хенахь —,Твоё отражение в зеркале —
Иза сан уггаре хаз стихотворени ю,"Моё самое красивое стихотворение,"
Хьо сих цалахь иза д1а ер ю,"Но поторопись, пока оно не исчезло,"
"Иза сан т1ехьар лера ""сун хьо вез ду""!",Это моё последнее «люблю тебя»!
"Хаза кIорни, Iилла набъеш,","Спи, младенец мой прекрасный,"
"Олий-болий-лай,",Баюшки-баю.
Сирла бутт бу тийна ларъеш,Тихо смотрит месяц ясный
Хьан кху аган чу.,В колыбель твою.
"Дуьйцур туьйра хьуна ас,","Стану сказывать я сказки,"
"Йиш а локхур ю,",Песенку спою;
"Набъе, хьабдай хьайн бIаьргаш ахь,","Ты ж дремли, закрывши глазки,"
"Олий-болий-лай,",Баюшки-баю.
"ТулгIеш керчош, Терк дIадоьду,","По камням струится Терек,"
"Даьржаш, гIара еш;",Плещет мутный вал;
Дера нохчо берде воьду,"Злой чечен ползёт на берег,"
Болата шаьлта иръеш.,Точит свой кинжал;
"Амма хьан да ву тIам тIехь лелла,","Но отец твой старый воин,"
"Вахчавина ву,",Закалён в бою:
"Iилла, кIорни, паргIат хила,","Спи, малютка, будь спокоен,"
"Олий-болий-лай,",Баюшки-баю.
"ЙогIур ю хан, вахар-тIамца","Сам узнаешь, будет время,"
Хьуна и гур ду;,Бранное житьё;
"Майра дин тIе вер хьо веца,",Смело вденешь ногу в стремя
Топ схьаоьцур ю.,И возьмешь ружьё.
Чилланца ас тIаме воьдуш,Я седельце боевое
Нуьйр хьан кечйийр ю…,Шёлком разошью...
"Хьоме бер сан, Iилла набъеш,","Спи, дитя мое родное,"
"Олий-болий-лай,",Баюшки-баю.
"Гарехь, турпал хир ву дагца,","Богатырь ты будешь с виду,"
"ГIалагIазкхи – сица хир ву,",И казак душой.
"Ас хьо новкъа воккхур веца,",Провожать тебя я выйду —
Куьг ахь лестор ду.,Ты махнёшь рукой...
Къайлах бIаьрхиш ас цу буса,Сколько горьких слёз украдкой
Хийла Iенор ду-кх…,Я в ту ночь пролью!..
"Сан малик, хьо Iиллахь мерза,","Спи, мой ангел, тихо, сладко,"
Олий-болий-лай.,Баюшки-баю.
"Ер ю со сахьийзо хьуна,","Стану я тоской томиться,"
"Тем боцуш хьоьжуш,",Безутешно ждать;
"Сарралц ламазаш ду дийра,","Стану целый день молиться,"
Буьйснашкахь туьдуш.,По ночам гадать;
Суна моьттур ду кхин махкахь,"Стану думать, что скучаешь"
Хьо сахьийзаш ву…,Ты в чужом краю...
"Набъе, гIайгIа йовзале ахь,","Спи ж, пока забот не знаешь,"
Олий-болий-лай.,Баюшки-баю.
"Сийлахь хIайкал, волуш новкъа,",Дам тебе я на дорогу
"Хьоьга ас лур ду,",Образок святой:
"Далла ламаз деш, и ахьа","Ты его, моляся богу,"
Хьалха дуьллур ду.,Ставь перед собой;
Кхерамечу тIамна кечлуш,"Да готовясь в бой опасный,"
Нана дагаян…,Помни мать свою...
"Хаза кIорни, Iилла набъеш;","Спи, младенец мой прекрасный,"
Олий-болий-лай.,Баюшки-баю.
"Сагатло, сахьийза, куьг кховдо я цхьа а вац,","И скучно и грустно, и некому руку подать"
Хьан са цатемаша дуучу дийнахь…,В минуту душевной невзгоды...
"Сатийсар! Вай эрна сатийсарх я пайда бац,",Желанья!... что пользы напрасно и вечно желать?
"Ткъа шераш дIаоьху, вайн тоьлла шераш.",А годы проходят - все лучшие годы!
"Цхьаъ веза… Ткъа мила? Цхьана ханна – и-м хала дац,","Любить... но кого же?.. на время - не стоит труда,"
Гуттар а цхьаъ везар ца делла вайна.,А вечно любить невозможно.
Ахь хьайга ладогIахь? ДIадахнарг я карадац:,В себя ли заглянешь? там прошлого нет и следа:
"Хьан темаш, цатемаш – дерриг ду дорах.","И радость, и муки, и всё там ничтожно..."
"Шовкъ хиларх? Я хьалха, я тIаьхьа и мерза дохк",Что страсти? - ведь рано иль поздно их сладкий недуг
"ДIайолу, хьекъале дош гучудаьлча;",Исчезнет при слове рассудка;
"Ткъа дахар, шийлачу бIаьрсица бIаьрг тохахь вай,","И жизнь, как посмотришь с холодным вниманием вокруг -"
И-м хилла забарна бина цхьа бегаш…,Такая пустая и глупая шутка...
Буьйсана стиглахула малик дара доьдуш.,"По небу полуночи ангел летел,"
"Доьдура и тийна, йиш лоькхуш,","И тихую песню он пел,"
"Седарчаший, баттой, мархаший езачу","И месяц, и звезды, и тучи толпой"
"Эшаре ладогIара, хезачу.",Внимали той песне святой.
"Къинош ца летийна синош сел башха,",Он пел о блаженстве безгрешных духов
"Ялсманийн бошмашлахь, дахарах","Под кущами райских садов,"
"Везчу Делан лекхар йиш цо, ткъа хестор","О Боге великом он пел, и хвала"
Дацара цо харц дагца Iехор.,Его непритворна была.
"Къона са цо шен марахь хьора лаьттах,",Он душу младую в объятиях нёс
БIаьргийн хин гIайгIанан лаьтта;,Для мира печали и слёз;
Къоначу сачух цу эшарах ийна,И звук его песни в душе молодой
"Дисира аз дош доцуш, дийна.","Остался - без слов, но живой."
"Башхачу безамах дуьзна, и даьхна",И долго на свете томилась она
"Сахьийзаш дуьненахь дехха,","Желанием чудным полна,"
Амма сингатме лаьттара иллеш,И звуков небес заменить не могли
Хиланцар стиглан аз дицдеш.,Ей скучные песни земли.
"Лаьмнашна тар туьйсу,",Горные вершины
Буьйса елла Iарж;,Спят во тьме ночной;
ТIуьнчу хIуоно юьзна,Тихие долины
ТуогIеш тийна дIа;,Полны свежей мглой;
"Некъо чан ца йоху,","Не пылит дорога,"
Диттийн гIаш ца хьиэ.,Не дрожат листы…
"ПаргIатваьр цкъа хьо а,","Подожди немного,"
Жимма собарде.,Отдохнёшь и ты.
"Іодика йойла хьан, Россия","Прощай, немытая Россия,"
"Лех, элех буьзна боьха мохк,","Страна рабов, страна господ,"
"ДІаІе, мундираш сирла-сийна,","И вы, мундиры голубые,"
"ДІаІе хьо, царна муьтІахь халкъ.","И ты, им преданный народ."
"Кавказан дукъал дехьаваьлча,","Быть может, за стеной Кавказа"
Со къайлавала там бу-кха,"Сокроюсь от твоих пашей,"
"Хьан пашех, церан ирчу бІаьргех,","От их всевидящего глаза,"
Оцеран семчу лергех а.,От их всеслышащих ушей.
"ХIан-хIа, хьо яц суна силла езнарг,","Нет, не тебя так пылко я люблю,"
Суна дац и хьан хазаллин къегар.,Не для меня красы твоей блистанье:
"Хьоьга хьаьжча, го сайн шира леткъар,",Люблю в тебе я прошлое страданье
"Къоналла а го сайн, хьалха елларг.",И молодость погибшую мою.
Цкъацкъа сайн хьоь бIаьра хьежар,"Когда порой я на тебя смотрю,"
Леррина хьоьжучу хьайчух кхетта латтош;,В твои глаза вникая долгим взором:
"Со ву къайлах цхьаьнца къамел далош,","Таинственным я занят разговором,"
Амма хьоьца дац сан деган дийцар.,Но не с тобой я сердцем говорю.
"Сайн жималлин доттагIчуьнга луьй со,",Я говорю с подругой юных дней;
"Хьан сибатехь ас кхин сибат лоьху,",В твоих чертах ищу черты другие;
"Хьан балдашна тохар гин хир барташ,","В устах живых уста давно немые,"
Хьан бIаьргаш чохь яйн хир бIаьргийн цIе.,В глазах огонь угаснувших очей.
"Кхолламо со шуна тIаьхьарчу хенахь,","Хотя я судьбой на заре моих дней,"
"Къилбера, хIай, лаьмнаш, кхабахь а генахь,","О южные горы, отторгнут от вас,"
"Даима шу дагахь, цкъа гинехь цхьанна,","Чтоб вечно их помнить, там надо быть раз:"
"Даймехкан и мерза мукъамаш санна,","Как сладкую песню отчизны моей,"
Еза суна Кавказ!,Люблю я Кавказ.
"Бераллехь висина, кхелхина нана,",В младенческих летах я мать потерял.
"Ткъа сарахь аренца Iаш, хилла вас,","Но мнилось, что в розовый вечера час"
"Хетара, цо декош генара аз,",Та степь повторяла мне памятный глас.
"Цундела ма деза хьан баххьаш пана,","За это люблю я вершины тех скал,"
Еза суна Кавказ!,Люблю я Кавказ.
"Вай ирсе хилира, хIай, Iаннаш лаьмнийн,","Я счастлив был с вами, ущелия гор;"
"Шун махкахь гира цкъа цIу хьажар бIаьргийн,",Пять лет пронеслось: всё тоскую по вас.
"Ткъа яларх хан-зама, цаьрца ю ойла,",Там видел я пару божественных глаз;
"Сан даго хазадо, хьаьгна уьш гойла,","И сердце лепечет, воспомня тот взор:"
Еза суна Кавказ!..,Люблю я Кавказ!..
ТIехь Iашволчо сайна цкъа,С тех пор как вечный судия
"ХIумахаар делчахьана,","Мне дал всеведенье пророка,"
Адмашкахь го суна цхьа,В очах людей читаю я
"ЧIире гамо, хьаьгIнаш хьарам.",Страницы злобы и порока.
"Ас би аьлла безаман,",Провозглашать я стал любви
Хьокъан цIена хьехам алхха –,И правды чистые ученья:
Со вен-ваккха дезачохь,В меня все ближние мои
Сан-сайн нах го рогIехь хьалха.,Бросали бешено каменья.
"Пхьа хьаьрчинчун кхехьа дукъ,","Посыпал пеплом я главу,"
"Со дIаваха, шахьарш юьтуш.","Из городов бежал я нищий,"
"ХIинца пана вехаш ву,",И вот в пустыне я живу
Олхазаршца напха доькъуш.,"Как птицы, даром божьей пищи;"
"Делан кхоьлах, доллу са","Завет предвечного храня,"
Суна кхузахь муьтIахь хуьлу.,Мне тварь покорна там земная;
"Седарчаша дугIу ла,","И звёзды слушают меня,"
Шайн зIаьнаршца ловзадуьйлуш.,Лучами радостно играя.
Ткъа яккхийчу шахьарех,Когда же через шумный град
"Со чекхволуш, къуьнал хиэбаш,","Я пробираюсь торопливо,"
ДIо къаноша тIаьхьара,То старцы детям говорят
"Бохуш хеза, бераш делош:",С улыбкою самолюбивой:
"""Хьовсал – масал меттара! –","""Смотрите: вот пример для вас!"
"И, нах санна, Iиэ ца вели:","Он горд был, не ужился c нами:"
"Тентак, тешо гIepтapa","Глупец, хотел уверить нас,"
Ша геланча хиларх Делан!,Что бог гласит его устами!
"Хьовсал, цо шен бина мах:","Смотрите ж, дети, на него:"
"Мел xIyopa* ву, мел босбаьхьна,",Как он угрюм и худ и бледен!
"Мел беркъа ву когахь, тIехь а,","Смотрите, как он наг и беден,"
"Мел кхаьрдаш бу цунах нах!""","Как презирают все его!"""
"Ницкъкхочург, ма лара къинна","Не обвиняй меня, всесильный,"
"Ма лаца со Iазапе,","И не карай меня, молю,"
"Дуьнено дог Iехадина,","За то, что мрак земли могильный"
Цунах сел со вазарна;,С её страстями я люблю;
Сел кIезиг ас хьехадарна,"За то, что редко в душу входит"
И хьан цIена айаташ;,"Живых речей твоих струя,"
"Сайн хьекъал сел тилдарна,","За то, что в заблужденьи бродит"
И ийманехь ца латтош;,Мой ум далёко от тебя;
"Дог, асаре хилла кийрахь,","За то, что лава вдохновенья"
"ТIепинг санна, кхехкарна;",Клокочет на груди моей;
"Марзонашца дуьйлуш хийра,","За то, что дикие волненья"
И Хьан хьокъах къехкарна;,Мрачат стекло моих очей;
"Дуьне ямартдийларх, Хьайна","За то, что мир земной мне тесен,"
ТIеверза ца кхетарна;,К тебе ж проникнуть я боюсь
"Сайн иллешца вуьйлуш хьарам,",И часто звуком грешных песен
Уьш Хьо воцчух декорна.,"Я, боже, не тебе молюсь."
"Чууозий и leca алу,","Но угаси сей чудный пламень,"
"Сина некъ ган гIоли е,","Всесожигающий костёр,"
"Дагах тIулг бай, ваккха балех,","Преобрати мне сердце в камень,"
Меца бIаьрг сан кхолабе;,Останови голодный взор;
Иллийн шовкъо хьередина,От страшной жажды песнопенья
"Дог азатден хьукма де,","Пускай, творец, освобожусь,"
"Со юха а, тобадина,",Тогда на тесный путь спасенья
Воьрзур вара Хьуна тIе.,К тебе я снова обращусь.
"Халчу минотехь, балане","В минуту жизни трудную,"
"Белча кийра баз,","Теснится ль в сердце грусть,"
"Цхьа доIа, сов тамаше,",Одну молитву чудную
Дагахь доьшу ас.,Твержу я наизусть.
Дийначу дешнийн декарехь,Есть сила благодатная
"НиIмате ницкъ бу,","В созвучье слов живых,"
Цара башха садаIарехь,"И дышит непонятная,"
Исбаьхьалла ю.,Святая прелесть в них.
"Мохь санна, са тIера южий,","С души как бремя скатится,"
Шеко йоьду дIа –,Сомненье далеко —
"Тешалой, делха а узий,","И верится, и плачется,"
"Дайло, дайло са…","И так легко, легко…"
"Буьйса йоккхуш яра дашо марха,",Ночевала тучка золотая
ДуьтIа-тархин некха тIехь дIатийна.,"На груди утёса-великана,"
Новкъаели малх гIаттале хьалха,"Утром в путь она умчалась рано,"
"Иза, йоьлуш стиглан сийналлина.",По лазури весело играя;
Амма тIуьна лар хебарехь йисна,Но остался влажный след в морщине
"Къанъеллачу тархан. Цхьалло хьийзош,",Старого утёса. Одиноко
"Цкъа лаьтта тарх, ойланашка яхна","Он стоит, задумался глубоко,"
"Ткъа, гIум-арахь, тийна елха ийзош.",И тихонько плачет он в пустыне.
"Баркалла! Сийсара ас дагардийцарна,",Благодарю!.. Вчера мое признанье
"Со, аьшнаш ца веш, тIеийцира ахь.",И стих мой ты без смеха приняла;
"Хиллехь а ца кхеташ сан деган шовкъах,","Хоть ты страстей моих не поняла,"
"Даггара долуш санна, сан дог эцарна,",Но за твоё притворное вниманье
Баркалла хьуна!,Благодарю!
"Ира къамел, хаза бIаьргаш суна дайна,","В другом краю ты некогда пленяла,"
"Шаьш массо а тIеийзийна кхечу меттехь,",Твой чудный взор и острота речей
"Сан даг чохь хир, воьрзуш лаьтте.","Останутся навек в душе моей,"
Амма лаац суна ахь алар сайна:,"Но не хочу, чтобы ты мне сказала:"
Баркалла хьуна!,Благодарю!
"И хьан миска леш, зазадоккхучу хенахь",Я б не желал умножить в цвете жизни
"Ца лаьара совбуьйлийла иштта,",Печальную толпу твоих рабов
"Чов тухуш, къиза Iоттарна метта,","И от тебя услышать, вместо слов"
"Даггара долуш санна, ахь олийла сайна:","Язвительной, жестокой укоризны:"
Баркалла хьуна!,Благодарю!
"Хьан бIаьргаша шийла гIура гойтийла суна,","О, пусть холодность мне твой взор покажет,"
"Сан синхьегам, сатийсар цара доьйла,",Пусть он убьёт надежды и мечты
Ахь мел кхоьллинарг сан хIаллакъхуьлда!,"И всё, что в сердце возродила ты"
ТIаккха-м эр дара ас даггара хьуна:,Душа моя тебе тогда лишь скажет:
Баркалла хьуна!,Благодарю!
Сатосуш ду – хьийза пардонах,Светает - вьётся дикой пеленой
Буьйсанан дохк лаьмнашна гонах.,Вокруг лесистых гор туман ночной;
Тийналла Кавказан кIожехь ю.,Еще у ног Кавказа тишина;
"Тийна рема, сема цхьа хи ду.","Молчит табун, река журчит одна."
Тарх а цIийеш зIаьнар хьалхара,Вот на скале новорождённый луч
Схьакъеди мархашна юкъара.,"Зарделся вдруг, прорезавшись меж туч,"
"Дайн-цIен къегар хиш чохь, цIенош чохь",И розовый по речке и шатрам
"Даьржа сирла дIо генахь, уллохь.","Разлился блеск, и светит там и там:"
"Иштта мехкарий луьйчучу хенахь,","Так девушки, купаяся в тени,"
Нагахь жима къонах шайна гахь,"Когда увидят юношу они,"
"ЦIийло, бIаьргаш лаьтта доьгIна ду:","Краснеют все, к земле склоняют взор:"
"Муха бовду, хьоме хилча къу.","Но как бежать, коль близок милый вор!"
"ХIай Ницкъкхочург, бехке ма ве!","Не обвиняй меня, всесильный"
"Кхиэл ма елахь, Iазап дан,","И не карай меня, молю,"
Лахьтин бодаш кхерамца шайн,"За то, что мрак земли могильный"
Доггах суна безарна!,С её страстями я люблю;
Наггахь а хьайн сийлахь дешнаш,"За то, что редко в душу входит"
"Сан даг чу ца диссарна,","Живых речей твоих струя,"
"Хьекъал-кхетам хьох ца тешаш,","За то, что в заблужденьи бродит"
Геннахь тилла леларна.,Мой ум далёко от тебя;
Сингаттамийн Iовраш кийрахь,"За то, что лава вдохновенья"
"Шовкъехь кхехкаш хиларна,",Клокочет на груди моей;
Сайн иллеша хьуна хиэрехь,"За то, что дикие волненья"
"Сан бIаьргийн нур кхоларна,",Мрачат стекло моих очей;
"Ирке дуьне готта хилла,","За то, что мир земной мне тесен,"
"Хьайна тIе ца верзарна,",К тебе ж проникнуть я боюсь
"Воьлхуш, къинойх дуьзна иллеш",И часто звуком грешных песен
Хьайна ас ца бахарна!,"Я, боже, не тебе молюсь."
Яйъахьа сан кийрахь алу –,"Но угаси сей чудный пламень,"
"Дуьне марццал йоккха цIе,","Всесожигающий костёр,"
"Сан дагах хьо тIулг бай вала,","Преобрати мне сердце в камень,"
Меца бIаьрса теде сан!,Останови голодный взор;
"Инзаречу иллин шовкъах,",От страшной жажды песнопенья
"Кхоьллинарг, ахь ваккха со!","Пускай, творец, освобожусь,"
"Къинойх цIанлуш, сийлахь новкъахь",Тогда на тесный путь спасенья
ВогIур тIаккха хьуна тIе!,К тебе я снова обращусь.
"И тIаьхьарчу набарх Iуьллу,",Он спит последним сном давно
"ГIотту воцу набарх,","Он спит последним сном,"
"Барз бинера цунна тIоьхала,","Над ним бугор насыпан был,"
Баьццара буц ю гонах.,Зелёный дёрн кругом.
Воккха стеган сиръелла месаш,Седые кудри старика
"ДIаэелла лаьттах,",Смешалися с землёй:
"Тохар тойнехь кад цо ийош,","Они взвевались по плечам,"
Хьирчина уьш белшех.,"За чашей пировой,"
"Уьш кIайн ю, цу бердаш юьххьехь","Они белы как пена волн,"
"ТулгIийн гонаш санна,",Биющихся у скал;
"Дуьххьал балдаш, къамел дезнарш,","Уста, любимицы бесед,"
Ду шелоно хьаьшна.,Впервые хлад сковал.
"Цуьнан мостагIий, и цхьалха","И бледны щёки мертвеца,"
"Шайн могIаршла веъчахь,",Как лик его врагов
"Макхлора, уьш санна хьалха","Бледнел, когда являлся он"
"Макхвелла, и велчахь.",Один средь их рядов.
"Хьулбина цу лаьтто накха,","Сырой землёй покрыта грудь,"
"Амма хала-м дац цунна,","Но ей не тяжело,"
"Ткъа дIасхье ца кIордош, техка","И червь, движенья не боясь,"
Цуьнан коьрта тIехь нIаьна.,Ползёт через чело.
"Цунна ваьхнер, тур лестийнера","На то ль он жил и меч носил,"
Цу суьйренан боданехь,Чтоб в час вечерней мглы
Шен бIаьрзе паначу арара,Слетались на курган его
"Аьрзу, къиг яре дуьхьа?",Пустынные орлы?
Шен махкана поэто хийла,Хотя певец земли родной
Даьхна илли-м цунах;,"Не раз уж пел об нём,"
"Вахар, иллий – уьш ду! Iуьллу",Но песнь—всё песнь; а жизнь—всё жизнь!
Иза тIаьххьарчу набарх.,Он спит последним сном.
"Воьдуш ву хьо тIеман ара,","Ты идёшь на поле битвы,"
"ДоттагI, ахьа ладогIахьара,","Но услышь мои молитвы,"
Со дагаялахь.,Вспомни обо мне.
"Нагахь доттагI ямарт хилахь,","Если друг тебя обманет,"
"Нагахь дог хьан даха гIеллахь,",Если сердце жить устанет
"Нагахь мерза са хьан гIеллахь,","И душа твоя увянет, -"
Генарчу махкахь,В дальней стороне
Со дагаялахь.,Вспомни обо мне.
Нагахь цхьаммо хьайна гайтахь,Если кто тебе укажет
"Каш, оцо хьайга дийцахь",На могилу и расскажет
Буьйсан цIергахь,При ночном огне
"ЙоIах лаьцна Iехийначу,","О девице обольщенной,"
"Йиц а йинчу, сий а дайначу,","Позабытой и презренной,"
"ТIаккха, доттагI, вижнарг даг чу,","О, тогда, мой друг бесценный,"
Нехан цу махкахь,Ты в чужой стране
Со дагаялахь.,Вспомни обо мне.
"Тарло, яхана зама хьуна","Время прежнее, быть может,"
"Карлаяла, ницкъбеш дагна,","Посетит тебя, встревожит"
Халчу цу гIенах;,"В мрачном, тяжком сне;"
"Хезар хьуна къаьсташ елхар,","Ты услышишь плач разлуки,"
"Безам бийцар, бала тийжар,",Песнь любви и вопли муки
"Я кхин аьзнаш, царах шаьш тера…",Иль подобные им звуки...
"ГIенах мукъа а,","О, хотя во сне"
Со дагаялахь.,Вспомни обо мне!
Малх а баьлла лома тIехьа…,Уж за горой дремучею
"ДIа чукерчи и,","Погас вечерний луч,"
"Халла хезаш, дека дехьа",Едва струей гремучею
Карзахдаьлла хи.,Сверкает жаркий ключ;
Беркат алсамдаьлла бошмаш,Сады благоуханием
"Дахкарлахь дIатийн,","Наполнились живым,"
"Тифлис а яц кхин йистхуьлуш, –","Тифлис объят молчанием,"
Дахкарх дуьзна Iин.,В ущельи мгла и дым.
"Ирча гIенаш лела, хьийзош",Летают сны мучители
"Къинош летта нах,","Над грешными людьми,"
Синош лардо маликаш ду,И ангелы хранители
Бераш хьоьстуш шаьш.,Беседуют с детьми.
"ДIо, мокхазан бердал дехьа,",Там за твердыней старою
"АгIорваьлла, хехь,",На сумрачной горе
Цу къоначу ножа кIелхьа,Под свежею чинарою
Со ву куза тIехь.,Лежу я на ковре.
Цхьалха волчу ас ойла йо:,Лежу один и думаю:
"«ГIенах хилла-техь,",Ужели не во сне
Боде буса ирахьIен ян,Свиданье в ночь угрюмую
Дош луш суна ахь?,Назначила ты мне?
Сайн безамца сийлахь долчу,"И в этот час таинственный,"
ХIокху сохьтехь со,"Но сладкий для любви,"
"Хьоьга кхойкху, цхьаъ бен йоцчу,","Тебя, мой друг единственный,"
Яре хьоьжуш хьо».,Зовут мечты мои.
Лахахь цIераш цу гIаролан,Внизу огни дозорные
"ТIай тIехь йогуш го,","Лишь на мосту горят,"
"Килсан баххьаш, сел Iаржделла,",И колокольни черные
Хехой санна ду.,Как сторожи стоят;
"Говза, ларлуш, банешкара",И поступью несмелою
МаьI-маьIIера шайн,Из бань со всех сторон
Тобанашца гуьржийн зударий,Выходят цепью белою
Болар хьош бу дайн…,Четы грузинских жен;
Кху бесачу урам-новкъахь,Вот улицей пустынною
"Халла шерша уьш,","Бредут, едва скользя..."
Га дехачу чухти тIехьа,Но под чадрою длинною
Юй хьо йовза йиш?,Тебя узнать нельзя!...
Геннахь гуш ду шен беданца,Твой домик с крышей гладкою
"Хьо Iаш йолу цIа,",Мне виден вдалеке;
"Лесташ йолчу шен ученца,",Крыльцо с ступенью шаткою
Техкаш хи чохь ша.,Купается в реке;
"Кура-хи тIехь ловзуш болчохь,",Среди прохлады веющей
"Кхерсташ шийла мох,",Над синею Курой
"Хьан цIа лаьтта, таьлланг хьерчаш",Он сетью зеленеющей
Комаьршонца шех.,Опутан плющевой;
Лекхчу акхтаргел а дехьа,За тополью высокою
"Гуш ду суна кор,",Я вижу там окно....
Амма чIурам богуш цхьалхха,Но свечкой одинокою
ХIинца-м ма ца го.,Не светится оно!
"ЛадоьгIу ас, со ца кхета.",Я жду. В недоумении
Хьежарх пайда буй?,Напрасно бродит взор:
"Куз ма хадий, собар дайна,",Кинжалом в нетерпении
Ас шаьлтанца сайн…,Изрезал я ковер;
"Сингаттамо къиза дожуш,","Я жду с тоской бесплодною,"
Хьийзадой-ца са.,"Мне грустно, тяжело...."
ТIуьна шело лаьтта яьржаш,Вот сыростью холодною
"Малхбалера схьа,","С востока понесло,"
Къоьжа баххьаш мархел лакхахь,Краснеют за туманами
Малхо цIийдо дайн…,"Седых вершин зубцы,"
Совдегарш а гIуьтту тIаккха,Выходят с караванами
Къепалашца шайн…,Из города купцы...
"ДIадалахьа, эхье бIаьрхи,","Прочь, прочь, слеза позорная,"
"Кхехка, сан дог, хьо!","Кипи, душа моя!"
"Хьан ямартло, Iаьржа лаьхьа,",Твоя измена черная
ХIинца суна го!,"Понятна мне, змея!"
"Хаьий суна-м, хьере шовкъехь,","Я знаю, чем утешенный"
"Стенах воккхаве,",По звонкой мостовой
Шен дин хьийзош урам-новкъахь,Вчера скакал как бешеный
Къона гIезало…,Татарин молодой.
Эрна дац-кха шен дин тийсар,Не даром он красуется
Цо хьан кора кIел!,"Перед твоим окном,"
Хьан дада а хилла-кх безаш,И твой отец любуется
И гIажарийн дин!,Персидским жеребцом.
"Буйна эцна еха мажар,","Возьму винтовку длинную,"
ГIур ву цунна кIел…,Пойду я из ворот:
Берда кIелхьа кIело харжа,Там под скалой пустынною
Бу цхьа готта некъ.,Есть узкий поворот.
"ЛадоьгIур ду кешнаш долччохь,",До полдня за могильною
Хиллалц делкъахан.,Часовней подожду
"Новкъахь гуча чан-кIур даьлчахь,",И на дорогу пыльную
Топ хьажор ю сайн.,Винтовку наведу.
Ма эрна ду-кх сан вегавар!,Напрасно грудь колышется!
"Тебий, дIатоь со…",Я лег между камней;
"Гергакхочу цуьнан говран «дур»,",Чу! близкий топот слышится...
И зуламхо ву?!,"А! это ты, злодей!"
"Сийлахьчу зиярта хьалха,",У врат обители святой
"Мацалла азвелла чIогIа,",Стоял просящий подаянья
"Лаьттара ойлане, цхьалха,","Бедняк иссохший, чуть живой"
ГIелвелла цхьа сагIадоьхург,"От глада, жажды и страданья."
"Йоьхура цхьа баьпкан цуьрг цуо,","Куска лишь хлеба он просил,"
"БIаьргаша гойтура бала,","И взор являл живую муку,"
Амма тIулг биллира цхьамма-м,И кто-то камень положил
СагIийна кховдийнчу кара.,В его протянутую руку.
Иштта ас лийхира безам,Так я молил твоей любви
"Хьан, суна къайллаха езнарг.","С слезами горькими, с тоскою;"
Амма сан ойланаш мерза,Так чувства лучшие мои
"Ахь иштта Iехайи, хазниг.",Обмануты навек тобою!
Къега дешица хазйина шаьлта сан;1,Отделкой золотой блистает мой кинжал;
Тешаме дитт доцуш айпе;,"Клинок надёжный, без порока;"
Хьулйо цуьнан болато кеп дахчоран –,Булат его хранит таинственный закал
Девнечу малхбален къайле.,Наследье бранного востока.
"Цо лаьмнашкахь беречунна гIулкх дина,","Наезднику в горах служил он много лет,"
"Сийх ца духуш, мах ло, аьлла;",Не зная платы за услугу;
"Хийла некха тIехь цо къиза лар йитна,",Не по одной груди провел он страшный след
Хийла гIагIанах чекхяьлла.,И не одну порвал кольчугу.
"Лайнал тийна ловзарш дезаш и яра,","Забавы он делил послушнее раба,"
Васен дешнаш хезча декаш.,Звенел в ответ речам обидным.
"ХIетахь цунна огана сов хир дара,",В те дни была б ему богатая резьба
Нехан эхье духар хеташ.,Нарядом чуждым и обидным.
ГIалагIазкхичо Теркал дехьахь эцна схьа,Он взят за Тереком отважным казаком
"Элан докъа тIера генахь,","На хладном трупе господина,"
"Эрмалочун некъан туькнахь, тесна дIа,",И долго он лежал заброшенный потом
"Диц а дина, Iилли дукха херехь.",В походной лавке армянина.
"ХIинца яьлла баттах, тIамо аьгначу,","Теперь родных ножон, избитых на войне,"
"Дашо ловзорг хилла, кхочуш","Лишён героя спутник бедный,"
"Пенах турпалхочун некъан накъост ю,",Игрушкой золотой он блещет на стене
"Я зене, я сийлахь йоцуш.","Увы, бесславный и безвредный!"
"Цхьаннан марзделлачу куьйго, гIайгIа еш,","Никто привычною, заботливой рукой"
"ЦIандац и, хьоьстуш ца хьоьжу,","Его не чистит, не ласкает,"
"ТIера йозанаш, Iуьйкъенан деш,","И надписи его, молясь с зарёй,"
Цхьаммо даггара ца доьшу…,Никто с усердьем не читает...
"Вайн экам бIешарахь иштта хьо Iа-те,","В наш век изнеженный не так ли ты, поэт,"
"Поэт, дицдина хьайн декхар,","Свое утратил назначенье,"
"Дуьнено а сий деш хилла хьайн дош, цIе","На злато променяв ту власть, котрой свет"
"Дешех хийца йина хилла, пекъар?",Внимал в немом благоговенье?
Ницкъечу хьан дешнийн озо хуьлура,"Бывало, мерный звук твоих могучих слов"
"Салтичун дог гIиттош тIамна,","Воспламенял бойца для битвы,"
"Тобанна, тойнийн кад санна, оьшура","Он нужен был толпе, как чаша для пиров,"
"Хьо, доIа деш вазвар санна.",Как фимиам в часы молитвы.
"Байт, Делан са санна, тIехула лелара,","Твой стих, как божий дух, носился над толпой"
"Жоп гуш цIенчу ойланашкахь,","И, отзыв мыслей благородных,"
"Вечин бIов тIехь горгали санна, екара","Звучал, как колокол на башне вечевой"
Даздаршкахь я бохамашкахь.,Во дни торжеств и бед народных.
"Амма кура мотт бу хьан сингаттаме,","Но скучен нам простой и гордый твой язык,"
Сегаргаша ду вай Iехош;,Нас тешат блёстки и обманы;
"Къеначу хазалло санна, ду дуьне","Как ветхая краса, наш ветхий мир привык"
Басаршлахь дIахьулдеш хебарш.,Морщины прятать под румяны...
"Хьайх биллина, пайхамар, хьо гIоттур вуй!","Проснёшься ль ты опять, осмеянный пророк!"
"Я цкъа а, чIир эца аьлла,","Иль никогда, на голос мщенья,"
"Дашочу баттара дитт доккхур дуй,","Из золотых ножон не вырвешь свой клинок,"
Цадезаран мекха йолла?..,Покрытый ржавчиной презренья?..
Кавказ! Генахь Iуьллу мохк!,Кавказ! далёкая страна!
"Маршонан цIа хилла, хьо",Жилище вольности простой!
"Буьзна бу-кха бохамех,",И ты несчастьями полна
Iенадина цIий тIамехь!..,И окровавлена войной!..
"Хьехашна, тархашна хьан",Ужель пещеры и скалы
Пардона кIел боданан,Под дикой пеленою мглы
"Деттар ду-те безаман ов,","Услышат также крик страстей,"
"Хезаш сийн, дешин, зIейн зов?..","Звон славы, злата и цепей?.."
"Дац! Хьоьжуш, чергси, ма Iе","Нет! прошлых лет не ожидай,"
Дахна шерш юхадерзаре:,"Черкес, в отечество своё:"
"Хьалха хилла маьрша Iеш,",Свободе прежде милый край
Мохк бу тахна гушшехь леш.,Приметно гибнет для неё.
"Хьоьца хьайцца, ваша, цкъа","Наедине с тобою, брат,"
Виса лууш ву:,Хотел бы я побыть:
"Дуьйцу, лаьттахь яккха хан","На свете мало, говорят,"
Йиснарг кIезиг ю!,Мне остаётся жить!
Кеста хьо дIагIур ву цIа:,Поедешь скоро ты домой:
"Хьажлахь… кхолламах сан,","Смотри ж... Да что? моей судьбой,"
"Бакъдерг аьлча, чIогIа","Сказать по правде, очень"
Цхьаммо ца йо гIайгIа.,Никто не озабочен.
Цхьамма хаттахь хилла шек…,А если спросит кто-нибудь...
"Хаттахь муьлххачо,","Ну, кто бы ни спросил,"
"Ала, некхах болуш чекх,","Скажи им, что навылет в грудь"
ХIоьъно йина чов.,Я пулей ранен был;
"Паччахьна са делла сайн,","Что умер честно за царя,"
"Ледара бу лоьраш вайн,",Что плохи наши лекаря
"Винчу махке кхача, ала,",И что родному краю
Доуьйту маршалла.,Поклон я посылаю.
Сан дай-наний хьуна цIахь,Отца и мать мою едва ль
Тамаша бу карадахь…,Застанешь ты в живых...
"Кийча ву со даре дан,","Признаться, право, было б жаль"
Лаац царна бала бан;,Мне опечалить их;
"Ткъа цхьаъ царех дийна гахь,","Но если кто из них и жив,"
Яздан хан яц алалах.,"Скажи, что я писать ленив,"
"Полк ю толлуш аре,",Что полк в поход послали
Ма хьежа со варе.,И чтоб меня не ждали.
Церан ю цхьа лулахо…,Соседка есть у них одна...
"Дагалаьцча, мел ю хан","Как вспомнишь, ка́к давно"
Къаьстина!.. Сох лаьцна цо,Расстались!.. Обо мне она
"Ца хаттар… дац бен-башха,","Не спросит... всё равно,"
"Цуьнга бакъдерг алалахь,","Ты расскажи всю правду ей,"
"Деса дог ца кхоош, ахь;",Пустого сердца не жалей;
Елхийта и цунна…,Пускай она поплачет...
ХIуммаъ хетац хьуна!,Ей ничего не значит!
Кхечуьнца а ца дицдора,У ног других не забывал
Хьан бIаьргийн нур ас.,Я взор твоих очей;
Кхин езарца къахьо гора –,"Любя других, я лишь страдал"
Даг чохь яра хьо.,Любовью прежних дней;
"Ойланаша набархйохуш,","Так память, демон-властелин,"
"Даго шир ца йо,","Всё будит старину,"
"Цкъа а ца гIеллуш, соьга боху:","И я твержу один, один:"
"«Еза, еза хьо!»","Люблю, люблю одну!"
"Хьайн илланча виц а велла,","Принадлежишь другому ты,"
Кхечуьнца ю хьо.,Забыт певец тобой;
Даймахкана гена воху,С тех пор влекут меня мечты
Сайн ойлано со…,Прочь от земли родной;
ДIахьон вай со цу кемано,Корабль умчит меня от ней
Генна махка дIа.,"В безвестную страну,"
Бухахь тулгIеш екар ю-кха:,И повторит волна морей:
"«Еза, еза хьо!»","Люблю, люблю одну!"
Ткъа дуьненна-м хуур даций,"И не узнает шумный свет,"
Безам мел бу сан.,"Кто нежно так любим,"
"Миччахь а ас лехарх, хIинца",Как я страдал и сколько лет
Тийналла яц ган!,Я памятью томим;
"Мел сагатдо хийла хенахь,",И где бы я ни стал искать
Мел цо хьаьшна ву.,"Былую тишину,"
Даго шабарш дой-ца генахь:,Все сердце будет мне шептать:
"«Еза, еза хьо!..»","Люблю, люблю одну!"